{
  "wifi_measurement" : {
    "-MYgzu2fY4LovIPicRId" : {
      "bssid" : "02:15:b2:00:01:00",
      "location_ID" : "hehe",
      "rssi" : -30,
      "sensors" : {
        "Acceleration" : {
          "x_acce" : 0,
          "y_acce" : 9.776321411132812,
          "z_acce" : 0.812345027923584
        },
        "Gravity" : {
          "x_grav" : -7.978723733685911E-4,
          "y_grav" : 9.772923469543457,
          "z_grav" : 0.8126400709152222
        },
        "Linear_Acceleration" : {
          "x_lnac" : 7.978723733685911E-4,
          "y_lnac" : 0.0033979415893554688,
          "z_lnac" : -2.950429916381836E-4
        },
        "Magnetic" : {
          "x_magnet" : 0,
          "y_magnet" : 9.875,
          "z_magnet" : -47.75
        },
        "Orientation" : {
          "x_ori" : -0.08290330320596695,
          "y_ori" : 0,
          "z_ori" : 0
        }
      },
      "ssid" : "AndroidWifi",
      "time_stamp" : 1618883879087
    },
    "-MYgzvLuxq7qTxCmKnJ5" : {
      "bssid" : "02:15:b2:00:01:00",
      "location_ID" : "hehe",
      "rssi" : -30,
      "sensors" : {
        "Acceleration" : {
          "x_acce" : 0,
          "y_acce" : 9.776321411132812,
          "z_acce" : 0.812345027923584
        },
        "Gravity" : {
          "x_grav" : -2.3512393818236887E-4,
          "y_grav" : 9.772871017456055,
          "z_grav" : 0.8132535219192505
        },
        "Linear_Acceleration" : {
          "x_lnac" : 2.3512393818236887E-4,
          "y_lnac" : 0.0034503936767578125,
          "z_lnac" : -9.084939956665039E-4
        },
        "Magnetic" : {
          "x_magnet" : 0,
          "y_magnet" : 9.875,
          "z_magnet" : -47.75
        },
        "Orientation" : {
          "x_ori" : -0.08290330320596695,
          "y_ori" : 0,
          "z_ori" : 0
        }
      },
      "ssid" : "AndroidWifi",
      "time_stamp" : 1618883882913
    }
  }
}
